,Thương hiệu,Xuất xứ,Thời điểm ra mắt,Thời gian bảo hành,Hướng dẫn bảo hành
0,Asus,Trung Quốc,4/2023,24,"Để nơi khô ráo, nhẹ tay, dễ vỡ."
1,HP,Trung Quốc,2022,12,"Để nơi khô ráo, nhẹ tay, dễ vỡ."
2,Lenovo,Trung Quốc,05/05/2023,24,"Để nơi khô ráo, nhẹ tay, dễ vỡ."
3,Acer,Trung Quốc,2021,12,"Để nơi khô ráo, nhẹ tay, dễ vỡ."
4,Dell,Trung Quốc,2022,12,"Để nơi khô ráo, nhẹ tay, dễ vỡ."
5,MSI,Trung Quốc,2023,24,"Để nơi khô ráo, nhẹ tay, dễ vỡ."
6,"AsusXuất xứ: Trung QuốcThời điểm ra mắt: 2023Thời gian bảo hành (tháng): 24Hướng dẫn bảo quản: Để nơi khô ráo, nhẹ tay, dễ vỡ.Hướng dẫn sử dụng: Xem trong sách hướng dẫn sử dụn",Trung Quốc,2023,24,"Để nơi khô ráo, nhẹ tay, dễ vỡ."
7,Gigabyte,Trung Quốc,2023,24,"Để nơi khô ráo, nhẹ tay, dễ vỡ."
8,MSI,Trung Quốc,2022,12,"Để nơi khô ráo, nhẹ tay, dễ vỡ."
9,Asus,Trung Quốc,4/2023,24,"Để nơi khô ráo, nhẹ tay, dễ vỡ."
10,HP,Trung Quốc,2023,12,"Để nơi khô ráo, nhẹ tay, dễ vỡ."
11,"LenovoXuất xứ: Trung QuốcThời điểm ra mắt: 2022Thời gian bảo hành (tháng): 24Hướng dẫn bảo quản: Để nơi khô ráo, nhẹ tay, dễ vỡ.Hướng dẫn sử dụng: Xem trong sách hướng dẫn sử dụngNhà cung cấp: Công ty TNHH Phân phối SYNNEX FP",Trung Quốc,2022,24,"Để nơi khô ráo, nhẹ tay, dễ vỡ."
12,HP,Trung Quốc,2023,12,"Để nơi khô ráo, nhẹ tay, dễ vỡ."
13,MSI,Trung Quốc,2023,12,"Để nơi khô ráo, nhẹ tay, dễ vỡ."
14,HP,Trung Quốc,2022,12,"Để nơi khô ráo, nhẹ tay, dễ vỡ."
15,Lenovo,Trung Quốc,2023,24,"Để nơi khô ráo, nhẹ tay, dễ vỡ."
16,HP,Trung Quốc,2022,12,"Để nơi khô ráo, nhẹ tay, dễ vỡ."
17,Asus,Trung Quốc,2022,24,"Để nơi khô ráo, nhẹ tay, dễ vỡ."
18,HP,Trung Quốc,2023,12,"Để nơi khô ráo, nhẹ tay, dễ vỡ."
19,Acer,Trung Quốc,2021,12,"Để nơi khô ráo, nhẹ tay, dễ vỡ."
20,HP,Trung Quốc,2022,12,"Để nơi khô ráo, nhẹ tay, dễ vỡ."
21,Acer,Trung Quốc,2023,12,"Để nơi khô ráo, nhẹ tay, dễ vỡ."
22,"AsusXuất xứ: Trung QuốcThời điểm ra mắt: 2022Thời gian bảo hành (tháng): 24Hướng dẫn bảo quản: Để nơi khô ráo, nhẹ tay, dễ vỡ.Hướng dẫn sử dụng: Xem trong sách hướng dẫn sử dụn",Trung Quốc,2022,24,"Để nơi khô ráo, nhẹ tay, dễ vỡ."
23,Acer,Trung Quốc,2023,12,"Để nơi khô ráo, nhẹ tay, dễ vỡ."
24,Asus,Trung Quốc,2022,24,"Để nơi khô ráo, nhẹ tay, dễ vỡ."
25,MSI,Trung Quốc,2022,12,"Để nơi khô ráo, nhẹ tay, dễ vỡ."
26,"MSIXuất xứ: Trung QuốcThời điểm ra mắt: 2023Thời gian bảo hành (tháng): 24Hướng dẫn bảo quản: Để nơi khô ráo, nhẹ tay, dễ vỡ.Hướng dẫn sử dụng: Xem trong sách hướng dẫn sử dụngNhà cung cấp: Công ty TNHH Một Thành Viên thương mại FPT Miền Trun",Trung Quốc,2023,24,"Để nơi khô ráo, nhẹ tay, dễ vỡ."
27,MSI,Trung Quốc,2023,24,"Để nơi khô ráo, nhẹ tay, dễ vỡ."
28,Asus,Trung Quốc,2023,24,"Để nơi khô ráo, nhẹ tay, dễ vỡ."
29,HP,Trung Quốc,2022,12,"Để nơi khô ráo, nhẹ tay, dễ vỡ."
30,Lenovo,Trung Quốc,2022,24,"Để nơi khô ráo, nhẹ tay, dễ vỡ."
31,MSI,Trung Quốc,2023,24,"Để nơi khô ráo, nhẹ tay, dễ vỡ."
32,Asus,Trung Quốc,2022,24,"Để nơi khô ráo, nhẹ tay, dễ vỡ."
33,Lenovo,Trung Quốc,2023,24,"Để nơi khô ráo, nhẹ tay, dễ vỡ."
34,HP,Trung Quốc,2022,12,"Để nơi khô ráo, nhẹ tay, dễ vỡ."
35,Acer,Trung Quốc,2022,12,"Để nơi khô ráo, nhẹ tay, dễ vỡ."
36,Huawei,Trung Quốc,2022,12,"Để nơi khô ráo, nhẹ tay, dễ vỡ."
37,Acer,Trung Quốc,2021,12,"Để nơi khô ráo, nhẹ tay, dễ vỡ."
38,"AsusXuất xứ: Trung QuốcThời điểm ra mắt: 2023Thời gian bảo hành (tháng): 24Hướng dẫn bảo quản: Để nơi khô ráo, nhẹ tay, dễ vỡ.Hướng dẫn sử dụng: Xem trong sách hướng dẫn sử dụn",Trung Quốc,2023,24,"Để nơi khô ráo, nhẹ tay, dễ vỡ."
39,Asus,Trung Quốc,2022,24,"Để nơi khô ráo, nhẹ tay, dễ vỡ."
40,Masstel,Trung Quốc,2022,18,"Để nơi khô ráo, nhẹ tay, dễ vỡ."
41,"AsusXuất xứ: Trung QuốcThời điểm ra mắt: 2022Thời gian bảo hành (tháng): 24Hướng dẫn bảo quản: Để nơi khô ráo, nhẹ tay, dễ vỡ.Hướng dẫn sử dụng: Xem trong sách hướng dẫn sử dụngNhà cung cấp: Công ty TNHH Phân phối SYNNEX FP",Trung Quốc,2022,24,"Để nơi khô ráo, nhẹ tay, dễ vỡ."
42,Acer,Trung Quốc,2021,12,"Để nơi khô ráo, nhẹ tay, dễ vỡ."
43,Asus,Trung Quốc,2023,24,"Để nơi khô ráo, nhẹ tay, dễ vỡ."
44,HP,Trung Quốc,2023,12,"Để nơi khô ráo, nhẹ tay, dễ vỡ."
45,"LenovoXuất xứ: Trung QuốcThời điểm ra mắt: 2023Thời gian bảo hành (tháng): 24Hướng dẫn bảo quản: Để nơi khô ráo, nhẹ tay, dễ vỡ.Hướng dẫn sử dụng: Xem trong sách hướng dẫn sử dụn",Trung Quốc,2023,24,"Để nơi khô ráo, nhẹ tay, dễ vỡ."
46,Asus,Trung Quốc,2022,24,"Để nơi khô ráo, nhẹ tay, dễ vỡ."
47,Asus,Trung Quốc,2023,24,"Để nơi khô ráo, nhẹ tay, dễ vỡ."
48,Asus,Trung Quốc,5/2023,24,"Để nơi khô ráo, nhẹ tay, dễ vỡ."
49,Lenovo,Trung Quốc,2023,36,"Để nơi khô ráo, nhẹ tay, dễ vỡ."
50,HP,Trung Quốc,2022,12,"Để nơi khô ráo, nhẹ tay, dễ vỡ."
51,Asus,Trung Quốc,2023,24,"Để nơi khô ráo, nhẹ tay, dễ vỡ."
52,"AsusXuất xứ: Trung QuốcThời điểm ra mắt: 2023Thời gian bảo hành (tháng): 24Hướng dẫn bảo quản: Để nơi khô ráo, nhẹ tay, dễ vỡ.Hướng dẫn sử dụng: Xem trong sách hướng dẫn sử dụngNhà cung cấp: CÔNG TY CỔ PHẦN DỊCH VỤ PHÂN PHỐI TỔNG HỢP DẦU KH",Trung Quốc,2023,24,"Để nơi khô ráo, nhẹ tay, dễ vỡ."
53,HP,Trung Quốc,2022,12,"Để nơi khô ráo, nhẹ tay, dễ vỡ."
54,Acer,Trung Quốc,2022,12,"Để nơi khô ráo, nhẹ tay, dễ vỡ."
55,HP,Trung Quốc,2022,12,"Để nơi khô ráo, nhẹ tay, dễ vỡ."
56,Asus,Trung Quốc,2023,24,"Để nơi khô ráo, nhẹ tay, dễ vỡ."
57,HP,Trung Quốc,2023,12,"Để nơi khô ráo, nhẹ tay, dễ vỡ."
58,Acer,Trung Quốc,2023,12,"Để nơi khô ráo, nhẹ tay, dễ vỡ."
59,Lenovo,Trung Quốc,2022,24,"Để nơi khô ráo, nhẹ tay, dễ vỡ."
60,Acer,Trung Quốc,2021,12,"Để nơi khô ráo, nhẹ tay, dễ vỡ."
61,HP,Trung Quốc,2022,12,"Để nơi khô ráo, nhẹ tay, dễ vỡ."
62,HP,Trung Quốc,2022,12,"Để nơi khô ráo, nhẹ tay, dễ vỡ."
63,HP,Trung Quốc,2022,12,"Để nơi khô ráo, nhẹ tay, dễ vỡ."
64,"AsusXuất xứ: Trung QuốcThời điểm ra mắt: 6/2023Thời gian bảo hành (tháng): 24Hướng dẫn bảo quản: Để nơi khô ráo, nhẹ tay, dễ vỡ.Hướng dẫn sử dụng: Xem trong sách hướng dẫn sử dụn",Trung Quốc,6/2023,24,"Để nơi khô ráo, nhẹ tay, dễ vỡ."
65,HP,Trung Quốc,2022,12,"Để nơi khô ráo, nhẹ tay, dễ vỡ."
66,Asus,Trung Quốc,2022,24,"Để nơi khô ráo, nhẹ tay, dễ vỡ."
67,Acer,Trung Quốc,2022,12,"Để nơi khô ráo, nhẹ tay, dễ vỡ."
68,HP,Trung Quốc,2022,12,"Để nơi khô ráo, nhẹ tay, dễ vỡ."
69,Asus,Trung Quốc,4/2023,24,"Để nơi khô ráo, nhẹ tay, dễ vỡ."
70,HP,Trung Quốc,2023,12,"Để nơi khô ráo, nhẹ tay, dễ vỡ."
71,Lenovo,Trung Quốc,2023,36,"Để nơi khô ráo, nhẹ tay, dễ vỡ."
72,MSI,Trung Quốc,2022,12,"Để nơi khô ráo, nhẹ tay, dễ vỡ."
73,Lenovo,Trung Quốc,2022,36,"Để nơi khô ráo, nhẹ tay, dễ vỡ."
74,Asus,Trung Quốc,2022,24,"Để nơi khô ráo, nhẹ tay, dễ vỡ."
75,Gigabyte,Trung Quốc,2022,24,"Để nơi khô ráo, nhẹ tay, dễ vỡ."
76,Acer,Trung Quốc,2022,12,"Để nơi khô ráo, nhẹ tay, dễ vỡ."
77,"AcerXuất xứ: Trung QuốcThời điểm ra mắt: 2021Thời gian bảo hành (tháng): 12Hướng dẫn bảo quản: Để nơi khô ráo, nhẹ tay, dễ vỡ.Hướng dẫn sử dụng: Xem trong sách hướng dẫn sử dụngNhà cung cấp: Công ty TNHH Phân phối SYNNEX FP",Trung Quốc,2021,12,"Để nơi khô ráo, nhẹ tay, dễ vỡ."
78,HP,Trung Quốc,2023,12,"Để nơi khô ráo, nhẹ tay, dễ vỡ."
79,HP,Trung Quốc,2023,12,"Để nơi khô ráo, nhẹ tay, dễ vỡ."
80,Dell,Trung Quốc,2023,12,"Để nơi khô ráo, nhẹ tay, dễ vỡ."
81,Huawei,Trung Quốc,2022,12,"Để nơi khô ráo, nhẹ tay, dễ vỡ."
82,Lenovo,Trung Quốc,2022,36,"Để nơi khô ráo, nhẹ tay, dễ vỡ."
83,Asus,Trung Quốc,5/2023,24,"Để nơi khô ráo, nhẹ tay, dễ vỡ."
84,Acer,Trung Quốc,2022,12,"Để nơi khô ráo, nhẹ tay, dễ vỡ."
85,Acer,Trung Quốc,2023,12,"Để nơi khô ráo, nhẹ tay, dễ vỡ."
86,Acer,Trung Quốc,2021,12,"Để nơi khô ráo, nhẹ tay, dễ vỡ."
87,Lenovo,Trung Quốc,2022,36,"Để nơi khô ráo, nhẹ tay, dễ vỡ."
88,Asus,Trung Quốc,04/2023,24,"Để nơi khô ráo, nhẹ tay, dễ vỡ."
89,Acer,Trung Quốc,2021,12,"Để nơi khô ráo, nhẹ tay, dễ vỡ."
90,Lenovo,Trung Quốc,2022,24,"Để nơi khô ráo, nhẹ tay, dễ vỡ."
91,Asus,Trung Quốc,2022,24,"Để nơi khô ráo, nhẹ tay, dễ vỡ."
92,Lenovo,Trung Quốc,2022,24,"Để nơi khô ráo, nhẹ tay, dễ vỡ."
93,Dell,Trung Quốc,2022,12,"Để nơi khô ráo, nhẹ tay, dễ vỡ."
94,"DellXuất xứ: Trung QuốcThời điểm ra mắt: 2023Thời gian bảo hành (tháng): 12Hướng dẫn bảo quản: Để nơi khô ráo, nhẹ tay, dễ vỡ.Hướng dẫn sử dụng: Xem trong sách hướng dẫn sử dụn",Trung Quốc,2023,12,"Để nơi khô ráo, nhẹ tay, dễ vỡ."
95,Asus,Trung Quốc,2023,24,"Để nơi khô ráo, nhẹ tay, dễ vỡ."
96,Asus,Trung Quốc,2023,24,"Để nơi khô ráo, nhẹ tay, dễ vỡ."
97,"AsusXuất xứ: Trung QuốcThời điểm ra mắt: 2022Thời gian bảo hành (tháng): 24Hướng dẫn bảo quản: Để nơi khô ráo, nhẹ tay, dễ vỡ.Hướng dẫn sử dụng: Xem trong sách hướng dẫn sử dụngNhà cung cấp: CÔNG TY CỔ PHẦN DỊCH VỤ PHÂN PHỐI TỔNG HỢP DẦU KH",Trung Quốc,2022,24,"Để nơi khô ráo, nhẹ tay, dễ vỡ."
98,HP,Trung Quốc,2023,12,"Để nơi khô ráo, nhẹ tay, dễ vỡ."
99,MSI,Trung Quốc,2023,24,"Để nơi khô ráo, nhẹ tay, dễ vỡ."
100,Asus,Trung Quốc,2023,24,"Để nơi khô ráo, nhẹ tay, dễ vỡ."
101,HP,Trung Quốc,2022,12,"Để nơi khô ráo, nhẹ tay, dễ vỡ."
102,MSI,Trung Quốc,2022,24,"Để nơi khô ráo, nhẹ tay, dễ vỡ."
103,HP,Trung Quốc,2023,12,"Để nơi khô ráo, nhẹ tay, dễ vỡ."
104,HP,Trung Quốc,2023,12,"Để nơi khô ráo, nhẹ tay, dễ vỡ."
105,MSI,Trung Quốc,2023,24,"Để nơi khô ráo, nhẹ tay, dễ vỡ."
106,HP,Trung Quốc,2022,12,"Để nơi khô ráo, nhẹ tay, dễ vỡ."
107,"LenovoXuất xứ: Trung QuốcThời điểm ra mắt: 2023Thời gian bảo hành (tháng): 24Hướng dẫn bảo quản: Để nơi khô ráo, nhẹ tay, dễ vỡ.Hướng dẫn sử dụng: Xem trong sách hướng dẫn sử dụn",Trung Quốc,2023,24,"Để nơi khô ráo, nhẹ tay, dễ vỡ."
108,Lenovo,Trung Quốc,2022,24,"Để nơi khô ráo, nhẹ tay, dễ vỡ."
109,HP,Trung Quốc,2022,12,"Để nơi khô ráo, nhẹ tay, dễ vỡ."
110,Lenovo,Trung Quốc,2023,24,"Để nơi khô ráo, nhẹ tay, dễ vỡ."
111,Asus,Trung Quốc,2022,24,"Để nơi khô ráo, nhẹ tay, dễ vỡ."
112,MSI,Trung Quốc,2022,24,"Để nơi khô ráo, nhẹ tay, dễ vỡ."
113,Asus,Trung Quốc,3/2023,24,"Để nơi khô ráo, nhẹ tay, dễ vỡ."
114,HP,Trung Quốc,2022,12,"Để nơi khô ráo, nhẹ tay, dễ vỡ."
115,Lenovo,Trung Quốc,2022,36,"Để nơi khô ráo, nhẹ tay, dễ vỡ."
116,Acer,Trung Quốc,2021,12,"Để nơi khô ráo, nhẹ tay, dễ vỡ."
117,HP,Trung Quốc,2023,12,"Để nơi khô ráo, nhẹ tay, dễ vỡ."
118,"MSIXuất xứ: Trung QuốcThời điểm ra mắt: 2023Thời gian bảo hành (tháng): 24Hướng dẫn bảo quản: Để nơi khô ráo, nhẹ tay, dễ vỡ.Hướng dẫn sử dụng: Xem trong sách hướng dẫn sử dụn",Trung Quốc,2023,24,"Để nơi khô ráo, nhẹ tay, dễ vỡ."
119,Acer,Trung Quốc,2023,12,"Để nơi khô ráo, nhẹ tay, dễ vỡ."
120,MSI,Trung Quốc,2023,24,"Để nơi khô ráo, nhẹ tay, dễ vỡ."
121,Asus,Trung Quốc,2022,24,"Để nơi khô ráo, nhẹ tay, dễ vỡ."
122,Asus,Trung Quốc,2022,24,"Để nơi khô ráo, nhẹ tay, dễ vỡ."
123,Asus,Trung Quốc,2023,24,"Để nơi khô ráo, nhẹ tay, dễ vỡ."
124,MSI,Trung Quốc,2022,24,"Để nơi khô ráo, nhẹ tay, dễ vỡ."
125,Acer,Trung Quốc,2021,12,"Để nơi khô ráo, nhẹ tay, dễ vỡ."
126,Lenovo,Trung Quốc,2021,24Nhà cung cấp: CÔNG TY CỔ PHẦN DỊCH VỤ PHÂN PHỐI TỔNG HỢP DẦU KH,Thương hiệu: LenovoThương hiệu: LenovoXuất xứ: Trung QuốcThời điểm ra mắt: 2021Thời gian bảo hành (tháng): 24Nhà cung cấp: CÔNG TY CỔ PHẦN DỊCH VỤ PHÂN PHỐI TỔNG HỢP DẦU KH
127,Acer,Trung Quốc,2022,12,"Để nơi khô ráo, nhẹ tay, dễ vỡ."
128,"MSIXuất xứ: Trung QuốcThời điểm ra mắt: 2022Thời gian bảo hành (tháng): 24Hướng dẫn bảo quản: Để nơi khô ráo, nhẹ tay, dễ vỡ.Hướng dẫn sử dụng: Xem trong sách hướng dẫn sử dụngNhà cung cấp: Công ty TNHH Một Thành Viên thương mại FPT Miền Trun",Trung Quốc,2022,24,"Để nơi khô ráo, nhẹ tay, dễ vỡ."
129,LG,Trung Quốc,2023,12,"Để nơi khô ráo, nhẹ tay, dễ vỡ."
130,LG,Trung Quốc,2023,24,"Để nơi khô ráo, nhẹ tay, dễ vỡ."
131,MSI,Trung Quốc,2023,24,"Để nơi khô ráo, nhẹ tay, dễ vỡ."
132,Apple,Trung Quốc,2023,12,"Để nơi khô ráo, nhẹ tay, dễ vỡ."
133,MSI,Trung Quốc,2023,24,"Để nơi khô ráo, nhẹ tay, dễ vỡ."
134,MSI,Trung Quốc,2023,24,"Để nơi khô ráo, nhẹ tay, dễ vỡ."
135,"AppleXuất xứ: Trung QuốcThời điểm ra mắt: 2021Thời gian bảo hành (tháng): 12Hướng dẫn bảo quản: Để nơi khô ráo, nhẹ tay, dễ vỡ.Hướng dẫn sử dụng: Xem trong sách hướng dẫn sử dụngNhà cung cấp: CÔNG TY TNHH APPLE VIỆT NA",Trung Quốc,2021,12,"Để nơi khô ráo, nhẹ tay, dễ vỡ."
136,Asus,Trung Quốc,2022,24,"Để nơi khô ráo, nhẹ tay, dễ vỡ."
137,MSI,Trung Quốc,2023,24,"Để nơi khô ráo, nhẹ tay, dễ vỡ."
138,Microsoft,Trung Quốc,2022,12,"Để nơi khô ráo, nhẹ tay, dễ vỡ."
139,Asus,Trung Quốc,2023,24,"Để nơi khô ráo, nhẹ tay, dễ vỡ."
140,Dell,Trung Quốc,2023,12,"Để nơi khô ráo, nhẹ tay, dễ vỡ."
141,Asus,Trung Quốc,2023,24,"Để nơi khô ráo, nhẹ tay, dễ vỡ."
142,Asus,Trung Quốc,2023,24,"Để nơi khô ráo, nhẹ tay, dễ vỡ."
143,Apple,Trung Quốc,06/2023,12,"Để nơi khô ráo, nhẹ tay, dễ vỡ."
144,AsusXuất xứ: Trung QuốcThời điểm ra mắt: 2023Thời gian bảo hành (tháng): 2,Trung Quốc,2023,2,Thương hiệu: AsusXuất xứ: Trung QuốcThời điểm ra mắt: 2023Thời gian bảo hành (tháng): 2
145,Apple,Trung Quốc,2022,12,"Để nơi khô ráo, nhẹ tay, dễ vỡ."
146,LG,Trung Quốc,2023,12,"Để nơi khô ráo, nhẹ tay, dễ vỡ."
147,LG,Trung Quốc,2023,12,"Để nơi khô ráo, nhẹ tay, dễ vỡ."
148,LG,Trung Quốc,2023,24,"Để nơi khô ráo, nhẹ tay, dễ vỡ."
149,"LenovoXuất xứ: Trung QuốcThời điểm ra mắt: 2022Thời gian bảo hành (tháng): 36Hướng dẫn bảo quản: Để nơi khô ráo, nhẹ tay, dễ vỡ.Hướng dẫn sử dụng: Xem trong sách hướng dẫn sử dụn",Trung Quốc,2022,36,"Để nơi khô ráo, nhẹ tay, dễ vỡ."
150,AsusXuất xứ: Trung QuốcThời điểm ra mắt: 2023Thời gian bảo hành (tháng): 2,Trung Quốc,2023,2,Thương hiệu: AsusXuất xứ: Trung QuốcThời điểm ra mắt: 2023Thời gian bảo hành (tháng): 2
151,Apple,Trung Quốc,06/2023,12,"Để nơi khô ráo, nhẹ tay, dễ vỡ."
152,Apple,Trung Quốc,2022,12,"Để nơi khô ráo, nhẹ tay, dễ vỡ."
153,MSI,Trung Quốc,2023,24,"Để nơi khô ráo, nhẹ tay, dễ vỡ."
154,Asus,Trung Quốc,2023,24,"Để nơi khô ráo, nhẹ tay, dễ vỡ."
155,"AsusXuất xứ: Trung QuốcThời điểm ra mắt: 2023Thời gian bảo hành (tháng): 24Hướng dẫn bảo quản: Để nơi khô ráo, nhẹ tay, dễ vỡ.Hướng dẫn sử dụng: Xem trong sách hướng dẫn sử dụn",Trung Quốc,2023,24,"Để nơi khô ráo, nhẹ tay, dễ vỡ."
156,Apple,Trung Quốc,2022,12,"Để nơi khô ráo, nhẹ tay, dễ vỡ."
157,MSI,Trung Quốc,2022,24,"Để nơi khô ráo, nhẹ tay, dễ vỡ."
158,Microsoft,Trung Quốc,2022,12,"Để nơi khô ráo, nhẹ tay, dễ vỡ."
159,AsusXuất xứ: Trung QuốcThời điểm ra mắt: 2022Thời gian bảo hành (tháng): 2,Trung Quốc,2022,2,P/N: 90NR0FG8-M00C50Thương hiệu: AsusXuất xứ: Trung QuốcThời điểm ra mắt: 2022Thời gian bảo hành (tháng): 2
160,AsusXuất xứ: Trung QuốcThời điểm ra mắt: 2023Thời gian bảo hành (tháng): 2,Trung Quốc,2023,2,P/N: 90NB10G1-M003Y0Thương hiệu: AsusXuất xứ: Trung QuốcThời điểm ra mắt: 2023Thời gian bảo hành (tháng): 2
161,DellXuất xứ: Trung QuốcThời điểm ra mắt: 2023Thời gian bảo hành (tháng): 1,Trung Quốc,2023,1,P/N: P172G001Thương hiệu: DellXuất xứ: Trung QuốcThời điểm ra mắt: 2023Thời gian bảo hành (tháng): 1
162,Gigabyte,Trung Quốc,2023,24,"Để nơi khô ráo, nhẹ tay, dễ vỡ."
163,Asus,Trung Quốc,2023,24,"Để nơi khô ráo, nhẹ tay, dễ vỡ."
164,"AppleXuất xứ: Trung QuốcThời điểm ra mắt: 2020Thời gian bảo hành (tháng): 12Hướng dẫn bảo quản: Để nơi khô ráo, nhẹ tay, dễ vỡ.Hướng dẫn sử dụng: Xem trong sách hướng dẫn sử dụngNhà cung cấp: CÔNG TY TNHH APPLE VIỆT NA",Trung Quốc,2020,12,"Để nơi khô ráo, nhẹ tay, dễ vỡ."
165,Apple,Trung Quốc,2022,12,"Để nơi khô ráo, nhẹ tay, dễ vỡ."
166,Acer,Trung Quốc,2022,12,"Để nơi khô ráo, nhẹ tay, dễ vỡ."
167,"GigabyteXuất xứ: Trung QuốcThời điểm ra mắt: 2023Thời gian bảo hành (tháng): 24Hướng dẫn bảo quản: Để nơi khô ráo, nhẹ tay, dễ vỡ.Hướng dẫn sử dụng: Xem trong sách hướng dẫn sử dụn",Trung Quốc,2023,24,"Để nơi khô ráo, nhẹ tay, dễ vỡ."
168,DellXuất xứ: Trung QuốcThời điểm ra mắt: 2023Thời gian bảo hành (tháng): 1,Trung Quốc,2023,1,P/N: 20DY31Thương hiệu: DellXuất xứ: Trung QuốcThời điểm ra mắt: 2023Thời gian bảo hành (tháng): 1
169,Acer,Trung Quốc,2021,12,"Để nơi khô ráo, nhẹ tay, dễ vỡ."
170,"MSIXuất xứ: Trung QuốcThời điểm ra mắt: 2023Thời gian bảo hành (tháng): 24Hướng dẫn bảo quản: Để nơi khô ráo, nhẹ tay, dễ vỡ.Hướng dẫn sử dụng: Xem trong sách hướng dẫn sử dụn",Trung Quốc,2023,24,"Để nơi khô ráo, nhẹ tay, dễ vỡ."
171,Dell,Trung Quốc,2023,12,"Để nơi khô ráo, nhẹ tay, dễ vỡ."
172,AsusXuất xứ: Trung QuốcThời điểm ra mắt: 2023Thời gian bảo hành (tháng): 2,Trung Quốc,2023,2,Thương hiệu: AsusXuất xứ: Trung QuốcThời điểm ra mắt: 2023Thời gian bảo hành (tháng): 2
173,Asus,Trung Quốc,05/2023,24,"Để nơi khô ráo, nhẹ tay, dễ vỡ."
174,Acer,Trung Quốc,2021,12,"Để nơi khô ráo, nhẹ tay, dễ vỡ."
175,"LenovoXuất xứ: Trung QuốcThời điểm ra mắt: 2023Thời gian bảo hành (tháng): 36Hướng dẫn bảo quản: Để nơi khô ráo, nhẹ tay, dễ vỡ.Hướng dẫn sử dụng: Xem trong sách hướng dẫn sử dụn",Trung Quốc,2023,36,"Để nơi khô ráo, nhẹ tay, dễ vỡ."
176,Dell,Trung Quốc,2023,12,"Để nơi khô ráo, nhẹ tay, dễ vỡ."
177,"LenovoXuất xứ: Trung QuốcThời điểm ra mắt: 2023Thời gian bảo hành (tháng): 12Hướng dẫn bảo quản: Để nơi khô ráo, nhẹ tay, dễ vỡ.Hướng dẫn sử dụng: Xem trong sách hướng dẫn sử dụn",Trung Quốc,2023,12,"Để nơi khô ráo, nhẹ tay, dễ vỡ."
178,HP,Trung Quốc,2022,12,"Để nơi khô ráo, nhẹ tay, dễ vỡ."
179,"DellXuất xứ: Trung QuốcThời điểm ra mắt: 2023Thời gian bảo hành (tháng): 12Hướng dẫn bảo quản: Để nơi khô ráo, nhẹ tay, dễ vỡ.Hướng dẫn sử dụng: Xem trong sách hướng dẫn sử dụn",Trung Quốc,2023,12,"Để nơi khô ráo, nhẹ tay, dễ vỡ."
180,Acer,Trung Quốc,2023,12,"Để nơi khô ráo, nhẹ tay, dễ vỡ."
181,"AppleXuất xứ: Trung QuốcThời điểm ra mắt: 2020Thời gian bảo hành (tháng): 12Hướng dẫn bảo quản: Để nơi khô ráo, nhẹ tay, dễ vỡ.Hướng dẫn sử dụng: Xem trong sách hướng dẫn sử dụngNhà cung cấp: CÔNG TY TNHH APPLE VIỆT NA",Trung Quốc,2020,12,"Để nơi khô ráo, nhẹ tay, dễ vỡ."
182,Dell,Trung Quốc,2022,12,"Để nơi khô ráo, nhẹ tay, dễ vỡ."
183,Lenovo,Trung Quốc,2023,36,"Để nơi khô ráo, nhẹ tay, dễ vỡ."
184,Lenovo,Trung Quốc,2023,24,"Để nơi khô ráo, nhẹ tay, dễ vỡ."
185,Lenovo,Trung Quốc,2021,24Nhà cung cấp: CÔNG TY CỔ PHẦN DỊCH VỤ PHÂN PHỐI TỔNG HỢP DẦU KH,Thương hiệu: LenovoThương hiệu: LenovoXuất xứ: Trung QuốcThời điểm ra mắt: 2021Thời gian bảo hành (tháng): 24Nhà cung cấp: CÔNG TY CỔ PHẦN DỊCH VỤ PHÂN PHỐI TỔNG HỢP DẦU KH
186,"HPXuất xứ: Trung QuốcThời điểm ra mắt: 2023Thời gian bảo hành (tháng): 12Hướng dẫn bảo quản: Để nơi khô ráo, nhẹ tay, dễ vỡ.Hướng dẫn sử dụng: Xem trong sách hướng dẫn sử dụn",Trung Quốc,2023,12,"Để nơi khô ráo, nhẹ tay, dễ vỡ."
187,"MSIXuất xứ: Trung QuốcThời điểm ra mắt: 2023Thời gian bảo hành (tháng): 12Nhà cung cấp: CÔNG TY CỔ PHẦN MÁY TÍNH VĨNH XUÂNĐịa chỉ nhà phân phối: Số 39 Trần Quốc Toản, Phường Trần Hưng Đạo, Quận Hoàn Kiếm, Thành phố Hà Nội, Việt Na",Trung Quốc,2023,"12Nhà cung cấp: CÔNG TY CỔ PHẦN MÁY TÍNH VĨNH XUÂNĐịa chỉ nhà phân phối: Số 39 Trần Quốc Toản, Phường Trần Hưng Đạo, Quận Hoàn Kiếm, Thành phố Hà Nội, Việt Na","Thương hiệu: MSIXuất xứ: Trung QuốcThời điểm ra mắt: 2023Thời gian bảo hành (tháng): 12Nhà cung cấp: CÔNG TY CỔ PHẦN MÁY TÍNH VĨNH XUÂNĐịa chỉ nhà phân phối: Số 39 Trần Quốc Toản, Phường Trần Hưng Đạo, Quận Hoàn Kiếm, Thành phố Hà Nội, Việt Na"
188,AcerXuất xứ: Trung QuốcThời điểm ra mắt: 2023Thời gian bảo hành (tháng): 1,Trung Quốc,2023,1,Thương hiệu: AcerXuất xứ: Trung QuốcThời điểm ra mắt: 2023Thời gian bảo hành (tháng): 1
189,"LenovoXuất xứ: Trung QuốcThời điểm ra mắt: 2023Thời gian bảo hành (tháng): 24Hướng dẫn bảo quản: Để nơi khô ráo, nhẹ tay, dễ vỡ.Hướng dẫn sử dụng: Xem trong sách hướng dẫn sử dụn",Trung Quốc,2023,24,"Để nơi khô ráo, nhẹ tay, dễ vỡ."
190,HP,Trung Quốc,2023,12,"Để nơi khô ráo, nhẹ tay, dễ vỡ."
191,"MSIXuất xứ: Trung QuốcThời điểm ra mắt: 2023Thời gian bảo hành (tháng): 24Hướng dẫn bảo quản: Để nơi khô ráo, nhẹ tay, dễ vỡ.Hướng dẫn sử dụng: Xem trong sách hướng dẫn sử dụngNhà cung cấp: CÔNG TY TNHH MTV CÔNG NGHỆ TIN HỌC VIỄN SƠ",Trung Quốc,2023,24,"Để nơi khô ráo, nhẹ tay, dễ vỡ."
192,VAIO,Trung Quốc,2022,12,"Để nơi khô ráo, nhẹ tay, dễ vỡ."
193,MSIXuất xứ: Trung QuốcThời điểm ra mắt: 2023Thời gian bảo hành (tháng): 1,Trung Quốc,2023,1,Thương hiệu: MSIXuất xứ: Trung QuốcThời điểm ra mắt: 2023Thời gian bảo hành (tháng): 1
194,"MSIXuất xứ: Trung QuốcThời điểm ra mắt: 2023Thời gian bảo hành (tháng): 24Hướng dẫn bảo quản: Để nơi khô ráo, nhẹ tay, dễ vỡ.Hướng dẫn sử dụng: Xem trong sách hướng dẫn sử dụn",Trung Quốc,2023,24,"Để nơi khô ráo, nhẹ tay, dễ vỡ."
195,MSI,Trung Quốc,2023,24,"Để nơi khô ráo, nhẹ tay, dễ vỡ."
196,AcerXuất xứ: Trung QuốcThời điểm ra mắt: 2023Thời gian bảo hành (tháng): 1,Trung Quốc,2023,1,Thương hiệu: AcerXuất xứ: Trung QuốcThời điểm ra mắt: 2023Thời gian bảo hành (tháng): 1
197,AcerXuất xứ: Trung QuốcThời điểm ra mắt: 2023Thời gian bảo hành (tháng): 1,Trung Quốc,2023,1,Thương hiệu: AcerXuất xứ: Trung QuốcThời điểm ra mắt: 2023Thời gian bảo hành (tháng): 1
198,MSI,Trung Quốc,2023,24,"Để nơi khô ráo, nhẹ tay, dễ vỡ."
199,MSI,Trung Quốc,2023,24,"Để nơi khô ráo, nhẹ tay, dễ vỡ."
200,HP,Trung Quốc,P/N: 6K783PAThương hiệu: HPThương hiệu: HPXuất xứ: Trung Quốc,12,"Để nơi khô ráo, nhẹ tay, dễ vỡ."
201,HP,Trung Quốc,2022,12,"Để nơi khô ráo, nhẹ tay, dễ vỡ."
202,"HPXuất xứ: Trung QuốcThời điểm ra mắt: 2022Thời gian bảo hành (tháng): 12Hướng dẫn bảo quản: Để nơi khô ráo, nhẹ tay, dễ vỡ.Hướng dẫn sử dụng: Xem trong sách hướng dẫn sử dụngNhà cung cấp: Công ty cổ phần Thế giới s",Trung Quốc,2022,12,"Để nơi khô ráo, nhẹ tay, dễ vỡ."
203,"AsusXuất xứ: Trung QuốcThời điểm ra mắt: 2022Thời gian bảo hành (tháng): 24Hướng dẫn bảo quản: Để nơi khô ráo, nhẹ tay, dễ vỡ.Hướng dẫn sử dụng: Xem trong sách hướng dẫn sử dụngNhà cung cấp: Công ty cổ phần Thế giới s",Trung Quốc,2022,24,"Để nơi khô ráo, nhẹ tay, dễ vỡ."
204,HP,Trung Quốc,2022,12,"Để nơi khô ráo, nhẹ tay, dễ vỡ."
205,"MSIXuất xứ: Việt Nam / Trung QuốcThời điểm ra mắt: 2023Thời gian bảo hành (tháng): 24Hướng dẫn bảo quản: Để nơi khô ráo, nhẹ tay, dễ vỡ.Hướng dẫn sử dụng: Xem trong sách hướng dẫn sử dụngNhà cung cấp: Công ty TNHH Phân phối SYNNEX FP",Trung Quốc,2023,24,"Để nơi khô ráo, nhẹ tay, dễ vỡ."
206,HP,Trung Quốc,2022,12,"Để nơi khô ráo, nhẹ tay, dễ vỡ."
207,"LenovoXuất xứ: Trung QuốcThời điểm ra mắt: 2023Thời gian bảo hành (tháng): 12Hướng dẫn bảo quản: Để nơi khô ráo, nhẹ tay, dễ vỡ.Hướng dẫn sử dụng: Xem trong sách hướng dẫn sử dụn",Trung Quốc,2023,12,"Để nơi khô ráo, nhẹ tay, dễ vỡ."
208,AcerXuất xứ: Trung QuốcThời điểm ra mắt: 2023Thời gian bảo hành (tháng): 1,Trung Quốc,2023,1,Thương hiệu: AcerXuất xứ: Trung QuốcThời điểm ra mắt: 2023Thời gian bảo hành (tháng): 1
209,Lenovo,Trung Quốc,2023,12,"Để nơi khô ráo, nhẹ tay, dễ vỡ."
210,Lenovo,Trung Quốc,2023,24,"Để nơi khô ráo, nhẹ tay, dễ vỡ."
211,Asus,Trung Quốc,2021,24,"Để nơi khô ráo, nhẹ tay, dễ vỡ."
212,MSI,Trung Quốc,2023,24,"Để nơi khô ráo, nhẹ tay, dễ vỡ."
213,MSI,Trung Quốc,2022,24,"Để nơi khô ráo, nhẹ tay, dễ vỡ."
214,Lenovo,Trung Quốc,2023,36,"Để nơi khô ráo, nhẹ tay, dễ vỡ."
215,LenovoXuất xứ: Việt Nam / Trung QuốcThời điểm ra mắt: 2023Thời gian bảo hành (tháng): 3,Trung Quốc,2023,3,Thương hiệu: LenovoXuất xứ: Việt Nam / Trung QuốcThời điểm ra mắt: 2023Thời gian bảo hành (tháng): 3
216,Asus,Trung Quốc,2023,24,"Để nơi khô ráo, nhẹ tay, dễ vỡ."
217,Lenovo,Trung Quốc,19/04/2023,24,"Để nơi khô ráo, nhẹ tay, dễ vỡ."
218,AsusXuất xứ: Trung QuốcThời điểm ra mắt: 2023Thời gian bảo hành (tháng): 2,Trung Quốc,2023,2,P/N: 90NR0EB8-M00850Thương hiệu: AsusXuất xứ: Trung QuốcThời điểm ra mắt: 2023Thời gian bảo hành (tháng): 2
219,AsusXuất xứ: Trung QuốcThời điểm ra mắt: 2023Thời gian bảo hành (tháng): 2,Trung Quốc,2023,2,P/N: 90NR0EB8-M00C50Thương hiệu: AsusXuất xứ: Trung QuốcThời điểm ra mắt: 2023Thời gian bảo hành (tháng): 2
220,HP,Trung Quốc,2023,12,"Để nơi khô ráo, nhẹ tay, dễ vỡ."
221,AsusXuất xứ: Trung QuốcThời điểm ra mắt: 2023Thời gian bảo hành (tháng): 2,Trung Quốc,2023,2,Thương hiệu: AsusXuất xứ: Trung QuốcThời điểm ra mắt: 2023Thời gian bảo hành (tháng): 2
222,Dell,Trung Quốc,2023,12,"Để nơi khô ráo, nhẹ tay, dễ vỡ."
223,"MSIXuất xứ: Trung QuốcThời điểm ra mắt: 2023Thời gian bảo hành (tháng): 24Hướng dẫn bảo quản: Để nơi khô ráo, nhẹ tay, dễ vỡ.Hướng dẫn sử dụng: Xem trong sách hướng dẫn sử dụngĐịa chỉ nhà sản xuất: Trung QuốcNhà cung cấp: Công ty TNHH Phân phối SYNNEX FP",Trung Quốc,2023,24,"Để nơi khô ráo, nhẹ tay, dễ vỡ."
224,MSI,Trung Quốc,2023,24,"Để nơi khô ráo, nhẹ tay, dễ vỡ."
225,AsusXuất xứ: Trung QuốcThời điểm ra mắt: 2023Thời gian bảo hành (tháng): 2,Trung Quốc,2023,2,P/N: 90NB10J2-M00RR0Thương hiệu: AsusXuất xứ: Trung QuốcThời điểm ra mắt: 2023Thời gian bảo hành (tháng): 2
226,AsusXuất xứ: Trung QuốcThời điểm ra mắt: 2023Thời gian bảo hành (tháng): 2,Trung Quốc,2023,2,P/N: 90NB10R2-M00DE0Thương hiệu: AsusXuất xứ: Trung QuốcThời điểm ra mắt: 2023Thời gian bảo hành (tháng): 2
227,MSI,Trung Quốc,2023,24,"Để nơi khô ráo, nhẹ tay, dễ vỡ."
228,MSI,Trung Quốc,2023,24,"Để nơi khô ráo, nhẹ tay, dễ vỡ."
229,MSI,Trung Quốc,2023,24,"Để nơi khô ráo, nhẹ tay, dễ vỡ."
230,MSI,Trung Quốc,2023,24,"Để nơi khô ráo, nhẹ tay, dễ vỡ."
231,MSI,Trung Quốc,2023,24,"Để nơi khô ráo, nhẹ tay, dễ vỡ."
